# Redirect old WordPress category URLs to new format
/category/startup/* /startup/:splat 301
/category/business/* /business/:splat 301
/category/marketing/* /marketing/:splat 301
/category/remote-work/* /remote-work/:splat 301
/category/productivity/* /productivity/:splat 301
/category/sales/* /business/:splat 301
/category/trends/* /startup/:splat 301
/category/customer-experience/* /business/:splat 301
/category/employment/* /startup/:splat 301
/category/team-management/* /team-management/:splat 301
/category/founder-wellbeing/* /founder-wellbeing/:splat 301
/category/content-marketing/* /marketing/:splat 301

# Redirect category pages themselves
/category/startup /startup 301
/category/business /business 301
/category/marketing /marketing 301
/category/remote-work /remote-work 301
/category/productivity /productivity 301
/category/sales /business 301
/category/trends /startup 301
/category/customer-experience /business 301
/category/employment /startup 301
/category/team-management /team-management 301
/category/founder-wellbeing /founder-wellbeing 301
/category/content-marketing /marketing 301
